client_id,account_number,name
1,25679205,Jonas
2,25679288,Honorato
3,25679218,Dante
4,25679297,Stewart
5,25679263,Grant
6,25679287,Keane
7,25679238,Hamilton
8,25679261,Edan
9,25679230,Alden
10,25679248,Brendan
11,25679244,Jarrod
12,25679264,Aladdin
13,25679284,Ian
14,25679204,Stuart
15,25679257,Acton
16,25679275,Griffith
17,25679222,Samson
18,25679276,Garrett
19,25679212,Palmer
20,25679267,Keaton
21,25679210,Erich
22,25679225,Sylvester
23,25679262,Hasad
24,25679281,Xavier
25,25679282,Laith
26,25679250,Stephen
27,25679205,Hamilton
28,25679293,Nolan
29,25679222,Denton
30,25679210,Branden
31,25679297,Joshua
32,25679282,Reed
33,25679281,Aquila
34,25679229,Jordan
35,25679283,Asher
36,25679266,Hakeem
37,25679216,Clayton
38,25679278,Clark
39,25679218,Salvador
40,25679228,Ross
41,25679300,Theodore
42,25679254,Demetrius
43,25679219,Tucker
44,25679293,Hayes
45,25679296,Vladimir
46,25679217,Abel
47,25679277,Evan
48,25679244,Arthur
49,25679249,Derek
50,25679297,Merrill
51,25679271,Griffith
52,25679266,Tobias
53,25679222,Trevor
54,25679211,Slade
55,25679291,Kevin
56,25679232,Baxter
57,25679212,Rigel
58,25679232,Otto
59,25679224,Hu
60,25679288,Stuart
61,25679226,Kennan
62,25679225,Devin
63,25679242,Owen
64,25679271,Scott
65,25679200,Tyrone
66,25679285,Solomon
67,25679277,Alden
68,25679212,Carter
69,25679275,Ulysses
70,25679207,Cairo
71,25679294,Jonas
72,25679279,Jelani
73,25679287,Calvin
74,25679270,Thor
75,25679259,Joshua
76,25679237,Slade
77,25679210,Jamal
78,25679258,Salvador
79,25679277,Clinton
80,25679289,Trevor
81,25679247,Harding
82,25679236,John
83,25679276,Quentin
84,25679248,Tanek
85,25679256,Felix
86,25679275,Oleg
87,25679268,Tyler
88,25679212,Ali
89,25679284,Dorian
90,25679261,Armando
91,25679283,Uriel
92,25679264,Keefe
93,25679214,Driscoll
94,25679241,Rigel
95,25679212,Tiger
96,25679217,Aidan
97,25679217,Chancellor
98,25679300,Palmer
99,25679231,Lucius
100,25679294,Lance